{"cameraMode":{"drawMode":0,"name":"Shaded","section":"Shading Mode"},"sceneLighting":false,"audioPlay":false,"sceneViewState":{"showFog":true,"showMaterialUpdate":false,"showSkybox":false,"showFlares":true,"showImageEffects":true,"showParticleSystems":true,"showVisualEffectGraphs":true,"m_FxEnabled":true},"in2DMode":false,"pivot":{"x":1.2316465377807618,"y":1.9623818397521973,"z":0.23013067245483399},"rotation":{"x":-0.05698191002011299,"y":0.9115856289863586,"z":-0.13526523113250733,"w":-0.3840155601501465},"size":4.965422630310059,"orthographic":false}