{"cameraMode":{"drawMode":0,"name":"Shaded","section":"Shading Mode"},"sceneLighting":true,"audioPlay":false,"sceneViewState":{"showFog":true,"showMaterialUpdate":false,"showSkybox":true,"showFlares":true,"showImageEffects":true,"showParticleSystems":true,"showVisualEffectGraphs":true,"m_FxEnabled":true},"in2DMode":false,"pivot":{"x":19.044387817382814,"y":0.38116997480392458,"z":1.7881088256835938},"rotation":{"x":0.004126282874494791,"y":0.9858684539794922,"z":-0.16568070650100709,"w":0.024550573900341989},"size":0.7768372297286987,"orthographic":false}